*,+,-,/,<,<=,<>,=,=<,=>,>,>=,?,@(,ABORT,ABS(,ALL,AND,AND(,APPEND,AS,ASC(,ATN(,AUTO,B,BASE,BE,BF,BIN$(,BLACK,BLIT,BLUE,BREAK,BVIDEO,BYTE2NUM(,CAN,CASE,CHAIN,CHDIR,CHR$(,CINT(,CIRCLE,CIRCLE(,CLEAR,CLOSE,CLR$(,CLS,COLLISION,COLLISION(,COLOR,COLOUR,COMPOSITE,
CONFIG,CONSOLE,CONTINUE,COPY,COPYRIGHT,COS(,CWD$,CYAN,DATA,DATE$,DEG(,DELETE,DIM,DIR,DIR$(,DO,DRIVE,EDGE,EDIT,ELSE,ELSEIF,ENABLE,END,END FUNCTION,END SUB,ENDIF,EOF(,ERASE,ERROR,EXIT,EXP(,F,FILE,FILES,FIX(,FONT,FOR,FORMAT$(,FR,FUNCTION,GOSUB,GOTO,GR,GREEN,
GVIDEO,H,HEX$(,I2CDIS,I2CEN,I2CRCV,I2CSDIS,I2CSEN,I2CSEND,I2CSRCV,I2CSSEND,IF,INKEY$,INPUT,INPUT$(,INSTR(,INT(,IRETURN,IT,KBUF,KEY,KEYBOARD,KEYDOWN,KHEAD,KILL,KTAIL,L,LCASE$(,LEFT$(,LEN(,LENGTH,LET,LIBRARY,LINE,LINE(,LIST,LOAD,LOADBMP,LOC(,LOCAL,LOCATE,
LOF(,LOG(,LOOP,LOWER,M,MEMORY,MERGE,MID$(,MKDIR,MM.CMDLINE$,MM.DEVICE$,MM.DRIVE,MM.DRIVE$,MM.ERRNO,MM.FNAME$,MM.HPOS,MM.HRES,MM.I2C,MM.OW,MM.VER,MM.VPOS,MM.VRES,MOD,MOD(,MODE,MODE(,MOVE,NAME,NEW,NEXT,NOT,NOT(,NTSC,NUM2BYTE,OCT$(,OFF,ON,ON(,OPEN,OPTION,OR,
OR(,OUTPUT,OWCRC16(,OWCRC8(,OWREAD,OWRESET,OWSEARCH,OWWRITE,PAL,PASTE,PAUSE,PEEK,PEEK(,PI,PIN(,PIXEL(,PLAYMOD,POKE,POKE(,PORT(,POS,PRESET,PRINT,PRINT(,PROGMEM,PROMPT,PSET,PULSE,PULSE(,PURPLE,PWM,PWM(,QUIT,RAD(,RANDOM,RANDOMIZE,RANDOMIZE(,READ,RECEIVE,RED,
REM,RENUMBER,RENUMBER(,RESET,RESTORE,RETURN,RGB,RIGHT$(,RMDIR,RND,RND(,RUN,RUN(,RVIDEO,SAVE,SAVEBMP,SCANLINE,SCANLINE(,SEEK,SEND,SETPIN,SETPIN(,SETTICK,SETTICK(,SGN(,SIN(,SOUND,SPACE$(,SPC(,SPI,SPI(,SPRITE,SQR(,STEP,STOP,STR$(,STRING$(,SUB,SYSTEM,TAB,
TAB(,TAN(,THEN,TIME$,TIMER,TITLE,TO,TONE,TONE(,TROFF,TRON,UCASE$(,UK,UNLOAD,UNTIL,UNTIL(,UPPER,US,USB,VAL(,VARTBL,VIDEO,VOL,WATCHDOG,WEND,WHILE,WHILE(,WHITE,WRITE,XMODEM,XOR,XOR(,YELLOW,\\,^,
